id,mobile,name,birthday,ID_number,clinic_card_id,social_security_id,inpatient_id,gender,has_deleted,other_info,createdBy,create_time,update_time
PTS_f946d89bb6c54999e4c,18761178394,张启灵,Wed Nov 04 1981 00:00:00 GMT+0800 (GMT+08:00),544077850135268350,V8,88ddc8b26,H4b1bb8d29dded,O,1,,USER_1fb9d9ca949e9b8d9aa8b6dda7ba9bcad,Thu Jan 15 1987 00:00:00 GMT+0800 (GMT+08:00),Thu Jan 15 1987 00:00:00 GMT+0800 (GMT+08:00)
PTS_c0bbbccc99dabdaabaa,15714013385,吴邪,Fri Nov 10 1950 08:00:00 GMT+0800 (GMT+08:00),525619878604715300,V11,9b80cb65d,Hfadd6939b5dc8,F,1,,USER_acb93ef0aadaab75cfaaa43b55fac5ffa,Sat Aug 23 1986 00:00:00 GMT+0900 (GMT+08:00),Mon Sep 01 1986 00:00:00 GMT+0900 (GMT+08:00)
PTS_061ac53dd4b9ac0fdbb,18764031476,张角,Mon Jun 20 1949 00:00:00 GMT+0800 (GMT+08:00),493111492646622340,V8,199d05999,H8bd29daca1a9a,O,1,,USER_3acfa8a96afb9339acbabca9a628bfddc,Sat Jul 18 1987 00:00:00 GMT+0900 (GMT+08:00),Sat Jul 18 1987 00:00:00 GMT+0900 (GMT+08:00)
PTS_daaf2cdad83deee832b,14804116825,袁绍,Mon Sep 12 1960 00:00:00 GMT+0800 (GMT+08:00),832195367761116900,V4,8108cabb0,H8c1ddc1c9b5bb,M,0,,USER_acb93ef0aadaab75cfaaa43b55fac5ffa,Mon Jan 21 1974 00:00:00 GMT+0800 (GMT+08:00),Mon Jan 21 1974 00:00:00 GMT+0800 (GMT+08:00)
PTS_3cbb5ad8d82dd8bf81c,16035391469,张郃,Sat Aug 08 1931 00:00:00 GMT+0800 (GMT+08:00),745179872934979000,V11,f4dd99ca0,Hba02a5b99b3ba,O,1,,USER_6c8255c9597bab39b06ac9aad53e998ca,Sat Apr 29 2000 00:00:00 GMT+0800 (GMT+08:00),Sat Apr 29 2000 00:00:00 GMT+0800 (GMT+08:00)
PTS_0da039a99baebf9884d,15852038512,张辽,Mon Sep 25 1933 00:00:00 GMT+0800 (GMT+08:00),378029033988952300,V7,8acb283b9,H794aa9c32ccb2,F,0,,USER_b7c986c9bda6aeaecc5db6d4b4d8d9afd,Mon Mar 14 1988 00:00:00 GMT+0800 (GMT+08:00),Mon Apr 11 1988 00:00:00 GMT+0800 (GMT+08:00)
PTS_ddbcbd7ccadcba993d3,14119830804,夏侯惇,Sun Sep 22 1957 00:00:00 GMT+0800 (GMT+08:00),410550682892860740,V0,7d2bbac84,H8cd7a26dc03bd,F,1,,USER_e9c6155897a4dfecc92c881c4e21c9aba,Sat Apr 01 1961 00:00:00 GMT+0800 (GMT+08:00),Sat Apr 01 1961 00:00:00 GMT+0800 (GMT+08:00)
PTS_ddac9ba953acb52bb0b,17507340166,典韦,Sat Sep 01 1962 00:00:00 GMT+0800 (GMT+08:00),478053684009224100,V10,3dacc9da1,H6329d38d2a9cd,O,0,,USER_6c8255c9597bab39b06ac9aad53e998ca,Wed Jun 01 1994 00:00:00 GMT+0800 (GMT+08:00),Sat Sep 02 1995 00:00:00 GMT+0800 (GMT+08:00)
PTS_89b0adceaddbabdad9d,14259712270,郭嘉,Sun Jul 10 2005 00:00:00 GMT+0800 (GMT+08:00),232299510538943940,V10,7dd76a79b,H55c2d9cf921fc,O,0,,USER_39d99d79d0d712f9a41d4f6a43cbdddda,Sat Dec 01 2018 08:00:00 GMT+0800 (GMT+08:00),Sat Dec 01 2018 08:00:00 GMT+0800 (GMT+08:00)
PTS_a3bdb875292dd19fd9d,15078656707,程吴,Tue Apr 21 1992 00:00:00 GMT+0800 (GMT+08:00),723594965784610700,V11,871bc1c9a,Ha06adad594c87,F,1,,USER_e15fdd389cb4cbfaccdc25bb7a0bbd2fe,Wed Feb 23 2011 00:00:00 GMT+0800 (GMT+08:00),Wed Feb 23 2011 00:00:00 GMT+0800 (GMT+08:00)
PTS_08f99bfaeeaa9fdb5ba,16985425268,荀彧,Tue Sep 27 1955 00:00:00 GMT+0800 (GMT+08:00),687001290399792600,V5,0bdb54b7b,Hab488b9b99a9b,O,0,,USER_acb93ef0aadaab75cfaaa43b55fac5ffa,Fri Mar 14 1969 00:00:00 GMT+0800 (GMT+08:00),Fri Oct 10 1969 08:00:00 GMT+0800 (GMT+08:00)
PTS_dd4f5abbce5abc9dfdb,18736407013,精卫,Fri Nov 02 1979 00:00:00 GMT+0800 (GMT+08:00),863270119262466400,V11,dce094dc1,Hed69389aaac7d,O,1,,USER_778c3b95f98dd96a1cbbc4b2a5fcc7a62,Mon Dec 02 2013 08:00:00 GMT+0800 (GMT+08:00),Mon Dec 02 2013 08:00:00 GMT+0800 (GMT+08:00)
PTS_bc7d09d9a99addb4a91,18995658491,卫青,Sun Sep 10 1995 00:00:00 GMT+0800 (GMT+08:00),943841309513362200,V0,abbbbd4db,H99b5c979c9a9b,M,1,,USER_cdddc3a3db91cc49d9eebcbd509babdb8,Mon Sep 18 2000 00:00:00 GMT+0800 (GMT+08:00),Mon Sep 18 2000 00:00:00 GMT+0800 (GMT+08:00)
PTS_fbc44dadddc9d4ceada,15837101815,陈浩南,Fri Feb 15 1924 00:00:00 GMT+0800 (GMT+08:00),470262518377796300,V10,0ac0e4731,H694b64a78d48a,F,1,,USER_778c3b95f98dd96a1cbbc4b2a5fcc7a62,Tue Jan 01 1980 00:00:00 GMT+0800 (GMT+08:00),Sat Feb 23 1980 00:00:00 GMT+0800 (GMT+08:00)
PTS_f1dc1c1db2286b4b9ab,15501980919,陈三元,Sun Jan 01 1984 00:00:00 GMT+0800 (GMT+08:00),340575621245724400,V10,408420aa9,H528b57d22612d,M,0,,USER_e15fdd389cb4cbfaccdc25bb7a0bbd2fe,Mon Nov 23 2015 08:00:00 GMT+0800 (GMT+08:00),Mon Jun 13 2016 00:00:00 GMT+0800 (GMT+08:00)
PTS_03cbb9b9a92fe441d0d,13785758268,陈三好,Sun Jan 16 2005 00:00:00 GMT+0800 (GMT+08:00),597529613155992000,V6,29d8c78b9,H19f6c9cb9a9b9,F,0,,USER_8bdaab1736ac199aaf5a6ac9983dbcca2,Sun Sep 20 2020 00:00:00 GMT+0800 (GMT+08:00),Thu Oct 01 2020 00:00:00 GMT+0800 (GMT+08:00)
PTS_c873bde9fbbac7a9804,16210942375,石敢当,Fri Jul 07 1950 00:00:00 GMT+0800 (GMT+08:00),646495504676908900,V8,083bf09ab,Hfb0dcc5f09ac8,M,1,,USER_7c9985b99c0de119ac1b16a3aa67cc4ca,Sun Oct 25 2015 08:00:00 GMT+0800 (GMT+08:00),Mon Nov 30 2015 08:00:00 GMT+0800 (GMT+08:00)
PTS_d62a14a9dda588a9c0a,16688758097,李三,Sat Mar 16 1940 00:00:00 GMT+0800 (GMT+08:00),679062866182216700,V3,ddd6cfccd,Hc2bb953fccdde,O,0,,USER_29ca4a9b6bba8fccabcda984b8c904ac1,Tue Oct 26 1976 00:00:00 GMT+0800 (GMT+08:00),Tue Oct 26 1976 00:00:00 GMT+0800 (GMT+08:00)
PTS_b2ab46ddba19389d91a,14851034916,布成龙,Tue Mar 23 1926 00:00:00 GMT+0800 (GMT+08:00),303812677319643000,V1,aa89b9a1e,H2f289cbcd8de5,O,0,,USER_1fb9d9ca949e9b8d9aa8b6dda7ba9bcad,Tue Nov 21 1978 08:00:00 GMT+0800 (GMT+08:00),Tue Nov 21 1978 08:00:00 GMT+0800 (GMT+08:00)
PTS_2907f9b7f93d62b79aa,14937927386,梅超风,Thu Aug 07 1997 00:00:00 GMT+0800 (GMT+08:00),416073093070526800,V4,85dbd56a8,Ha687f8a5da9cd,O,1,,USER_eec1bbde822b1f99afdd299d306997e9a,Tue Apr 15 2003 00:00:00 GMT+0800 (GMT+08:00),Sat Sep 27 2003 00:00:00 GMT+0800 (GMT+08:00)
PTS_199480ba32cbb44cdb7,13938226398,里母露,Tue Jul 01 1952 00:00:00 GMT+0800 (GMT+08:00),902398432102456400,V4,7cb669d99,Ha3eaddcc8edcc,O,0,,USER_3acfa8a96afb9339acbabca9a628bfddc,Thu Oct 20 1977 08:00:00 GMT+0800 (GMT+08:00),Sat Nov 05 1977 08:00:00 GMT+0800 (GMT+08:00)
PTS_17983cce9dd0da97c7f,14541687814,维鲁多拉,Sun Oct 20 1946 08:00:00 GMT+0800 (GMT+08:00),774522452197465100,V6,5b6a8c5da,H59c9bd9d20a02,M,0,,USER_29ca4a9b6bba8fccabcda984b8c904ac1,Wed Jun 07 1995 00:00:00 GMT+0800 (GMT+08:00),Fri Jul 14 1995 00:00:00 GMT+0800 (GMT+08:00)
PTS_a7dcda09d9ac90c4d35,14959232672,黑崎一护,Fri Jun 17 1955 00:00:00 GMT+0800 (GMT+08:00),468510247540462660,V0,5cd0baa0c,Hdcbfdeaec1b94,M,1,,USER_b3bd16afb9b9996d6cf8d8cccbc496bc7,Sat Apr 17 1999 00:00:00 GMT+0800 (GMT+08:00),Sun Jul 04 1999 00:00:00 GMT+0800 (GMT+08:00)
PTS_14a19cd7c6a698d2b98,15853538529,露琪亚,Fri Oct 04 1996 00:00:00 GMT+0800 (GMT+08:00),273066617001793760,V7,19bd2d8c3,Hb6dd99635c7ac,M,1,,USER_1cd9d8db5ba509bde9fb988bca2cddc8c,Thu Jul 17 2014 00:00:00 GMT+0800 (GMT+08:00),Sun Jul 19 2015 00:00:00 GMT+0800 (GMT+08:00)
PTS_2941a0bb115c3bcf466,13513534364,奇玉,Fri Feb 19 1937 00:00:00 GMT+0800 (GMT+08:00),593954780261692700,V8,96ca3a047,Hc2c5e5ca9c4ba,O,0,,USER_e9c6155897a4dfecc92c881c4e21c9aba,Fri Sep 20 2002 00:00:00 GMT+0800 (GMT+08:00),Tue Jan 08 2002 00:00:00 GMT+0800 (GMT+08:00)
PTS_2cd78dde69cc978abd9,15017766029,缪兰,Fri Apr 16 1982 00:00:00 GMT+0800 (GMT+08:00),780506266605208600,V5,7b92d947f,H1cdbbcfc9d2ab,F,0,,USER_828cd95a598bdb1d1c9d5ba2a9ba9cd09,Sat Oct 18 1986 08:00:00 GMT+0800 (GMT+08:00),Sat Oct 25 1986 08:00:00 GMT+0800 (GMT+08:00)
PTS_9cacadd499bd01c1b2a,13584022435,黄飞鸿,Sun Apr 04 1976 00:00:00 GMT+0800 (GMT+08:00),983001719692338000,V8,afdcfa812,Hcc0961c1b964d,F,1,,USER_0b8a89c9797ac9d8bc99ca647e355ade6,Sat Sep 01 1984 00:00:00 GMT+0800 (GMT+08:00),Mon Aug 27 1984 00:00:00 GMT+0800 (GMT+08:00)
PTS_aded996c2ec3bf1c66d,18371870913,李元芳,Sun Oct 16 1949 08:00:00 GMT+0800 (GMT+08:00),777725737442407800,V3,698ca3cca,H208acdabaedea,F,0,,USER_7c9985b99c0de119ac1b16a3aa67cc4ca,Thu Aug 11 1966 00:00:00 GMT+0800 (GMT+08:00),Tue Feb 22 1966 00:00:00 GMT+0800 (GMT+08:00)
PTS_e5cae9dd0c689cabb65,16181904633,李沧海,Fri Sep 14 1979 00:00:00 GMT+0800 (GMT+08:00),978294996363246600,V10,ec15a8caa,H199dad7c7abcd,O,0,,USER_e15fdd389cb4cbfaccdc25bb7a0bbd2fe,Sun Jul 20 2014 00:00:00 GMT+0800 (GMT+08:00),Sun Jul 20 2014 00:00:00 GMT+0800 (GMT+08:00)
PTS_053fccd7da7dab4a290,18305453664,陈靖楠,Sat Oct 15 1977 08:00:00 GMT+0800 (GMT+08:00),144733174796228580,V3,7bd5996c2,H1c0e8d6a6b01a,O,0,,USER_39d99d79d0d712f9a41d4f6a43cbdddda,Sun Apr 16 2006 00:00:00 GMT+0800 (GMT+08:00),Sun Apr 16 2006 00:00:00 GMT+0800 (GMT+08:00)
PTS_afb9df9d19259b7636a,15295279290,洪熙官,Sun Jan 04 1970 00:00:00 GMT+0800 (GMT+08:00),742043992295396400,V2,7c99ac967,H4c48ba9ab3bb4,M,1,,USER_c7cccd3cb8d1abdacd3c95781963bd29b,Sun Nov 24 1991 08:00:00 GMT+0800 (GMT+08:00),Sun Nov 24 1991 08:00:00 GMT+0800 (GMT+08:00)
PTS_1cdab3d9acc99bca5da,16263045949,方世玉,Fri Apr 12 1963 00:00:00 GMT+0800 (GMT+08:00),680695623163321100,V3,4cc5b9b58,H4cb59dbdbb9b9,O,1,,USER_828cd95a598bdb1d1c9d5ba2a9ba9cd09,Thu Jun 11 1987 00:00:00 GMT+0900 (GMT+08:00),Thu Jun 11 1987 00:00:00 GMT+0900 (GMT+08:00)
PTS_6dab9d7d958fb980923,15454051110,元始天尊,Wed Mar 17 1999 00:00:00 GMT+0800 (GMT+08:00),213308370779482020,V8,790cdbdcd,H9dafd3236afa8,M,1,,USER_b7c986c9bda6aeaecc5db6d4b4d8d9afd,Mon May 27 2013 00:00:00 GMT+0800 (GMT+08:00),Mon May 27 2013 00:00:00 GMT+0800 (GMT+08:00)
PTS_8ab9ed2fc903dbd108c,15352696539,程咬金,Wed Jan 11 2006 00:00:00 GMT+0800 (GMT+08:00),108655635444779740,V6,c7c2dcdd9,Haa8caa94c4aca,M,1,,USER_5acdb959f8bdda2eab29b3cbd8a4bc84d,Sat Apr 25 2020 00:00:00 GMT+0800 (GMT+08:00),Sat Apr 25 2020 00:00:00 GMT+0800 (GMT+08:00)
PTS_bdaca8dd8c7c71dc4c8,17480159076,鬼谷子,Tue Aug 02 1994 00:00:00 GMT+0800 (GMT+08:00),285728657564540320,V7,0a2850da4,Hf7ddb7a46cddb,M,0,,USER_e9c6155897a4dfecc92c881c4e21c9aba,Sun May 17 1998 00:00:00 GMT+0800 (GMT+08:00),Wed Sep 30 1998 00:00:00 GMT+0800 (GMT+08:00)
PTS_23baadc399fcccbc799,15400431554,孙武,Sun Jul 04 1999 00:00:00 GMT+0800 (GMT+08:00),871258620384246100,V5,534b5994c,H33a19f29a9f9b,O,0,,USER_b7c986c9bda6aeaecc5db6d4b4d8d9afd,Sun Nov 30 2008 00:00:00 GMT+0800 (GMT+08:00),Sun Nov 30 2008 00:00:00 GMT+0800 (GMT+08:00)
PTS_9debcb5bb85f22cb2eb,18906650789,曹爽,Fri Jun 20 1924 00:00:00 GMT+0800 (GMT+08:00),585160943731519500,V3,edacc2684,H4a8039dba9c5c,M,1,,USER_0b8a89c9797ac9d8bc99ca647e355ade6,Wed Oct 14 1931 00:00:00 GMT+0800 (GMT+08:00),Wed Oct 14 1931 00:00:00 GMT+0800 (GMT+08:00)
PTS_88d1e8819ac99cd6a3d,16128700224,魏延,Mon Jul 20 1953 00:00:00 GMT+0800 (GMT+08:00),501162802885272450,V1,38e9983ac,H36bb9ec903a4a,M,1,,USER_0b8a89c9797ac9d8bc99ca647e355ade6,Mon Oct 21 1991 08:00:00 GMT+0800 (GMT+08:00),Mon Oct 21 1991 08:00:00 GMT+0800 (GMT+08:00)
PTS_8addb7bcc21cc79c1ea,14818501560,霍去病,Sun Mar 17 1940 00:00:00 GMT+0800 (GMT+08:00),318660286708428200,V0,c1963daad,Hec3c44022b7dc,O,0,,USER_29ca4a9b6bba8fccabcda984b8c904ac1,Sat Apr 15 1995 00:00:00 GMT+0800 (GMT+08:00),Sat Apr 15 1995 00:00:00 GMT+0800 (GMT+08:00)
PTS_5c82cdcabbacb50ac98,16413664426,木村拓,Fri Sep 01 2000 00:00:00 GMT+0800 (GMT+08:00),283043169055167170,V1,70aaa5d1b,Hd47fcdb605c8d,O,0,,USER_1fb9d9ca949e9b8d9aa8b6dda7ba9bcad,Wed Oct 15 2008 08:00:00 GMT+0800 (GMT+08:00),Sun Nov 02 2008 08:00:00 GMT+0800 (GMT+08:00)
PTS_d0bdc347ac51caafcb8,16172892814,织田信长,Tue Mar 26 1929 00:00:00 GMT+0800 (GMT+08:00),123796746418269220,V6,dd5186768,Hf249669a889ad,M,1,,USER_eec1bbde822b1f99afdd299d306997e9a,Wed Nov 14 1984 08:00:00 GMT+0800 (GMT+08:00),Wed Nov 14 1984 08:00:00 GMT+0800 (GMT+08:00)
PTS_4b9ba7c81b2ad1cb09a,13729148711,李广,Fri Apr 09 1965 00:00:00 GMT+0800 (GMT+08:00),866199377529222400,V2,474acd99f,Hebb10cf46c61d,O,0,,USER_acb93ef0aadaab75cfaaa43b55fac5ffa,Tue May 05 1987 00:00:00 GMT+0900 (GMT+08:00),Thu Oct 06 1988 00:00:00 GMT+0800 (GMT+08:00)
PTS_79d28a1db0881730ced,16142542469,赵信,Mon Jun 21 1948 00:00:00 GMT+0900 (GMT+08:00),299148383558836200,V3,6569cfe9d,H19b72e9b039a2,F,0,,USER_c7cccd3cb8d1abdacd3c95781963bd29b,Fri Oct 27 1978 00:00:00 GMT+0800 (GMT+08:00),Fri Oct 27 1978 00:00:00 GMT+0800 (GMT+08:00)
PTS_5ecacadf9388bddccc4,18497453014,秦叔宝,Tue Oct 10 1978 08:00:00 GMT+0800 (GMT+08:00),741065340061705000,V0,ab6abc9b1,He5e9caeb0baea,O,1,,USER_778c3b95f98dd96a1cbbc4b2a5fcc7a62,Tue May 12 1987 00:00:00 GMT+0900 (GMT+08:00),Tue May 12 1987 00:00:00 GMT+0900 (GMT+08:00)
PTS_7b52ed9c3ac7b5be2ba,18687704029,李元霸,Sat Jul 14 1984 00:00:00 GMT+0800 (GMT+08:00),126414388856343500,V7,19dd9bbbd,Hf9a2d665b97dc,F,0,,USER_8931dcca88baa2ac64b5bbccb2f9d3a7a,Tue Jul 20 2004 00:00:00 GMT+0800 (GMT+08:00),Tue Jul 20 2004 00:00:00 GMT+0800 (GMT+08:00)
PTS_bc49b99460c2bcab85b,15713776437,周芷若,Wed May 09 2001 00:00:00 GMT+0800 (GMT+08:00),583897191654077400,V8,09b58a273,Hebbacb3dd49ab,M,0,,USER_29ca4a9b6bba8fccabcda984b8c904ac1,Fri Jun 16 2017 00:00:00 GMT+0800 (GMT+08:00),Fri Jun 16 2017 00:00:00 GMT+0800 (GMT+08:00)
PTS_d3ca3c3abc7ac2ec94b,16745100407,赵敏,Sun Jul 14 1935 00:00:00 GMT+0800 (GMT+08:00),114077313876853400,V4,dd0ac9e2b,H2fbcdd78d9499,O,0,,USER_8bdaab1736ac199aaf5a6ac9983dbcca2,Sat May 07 1966 00:00:00 GMT+0800 (GMT+08:00),Sat Jun 04 1966 00:00:00 GMT+0800 (GMT+08:00)
PTS_ad99eccaeb116e894d4,17244691024,虚竹,Sat Jun 25 1927 00:00:00 GMT+0800 (GMT+08:00),788859974240949400,V11,5da3c98ce,H469f6dba8bcb9,M,1,,USER_1cd9d8db5ba509bde9fb988bca2cddc8c,Thu Jun 14 1962 00:00:00 GMT+0800 (GMT+08:00),Thu Jun 14 1962 00:00:00 GMT+0800 (GMT+08:00)
PTS_7b4c1c59bb39a599dc9,15155253281,慕容复,Fri Jan 27 2006 00:00:00 GMT+0800 (GMT+08:00),586579586219864300,V10,f7af1c192,H3836ca8db9ab9,F,1,,USER_1cd9d8db5ba509bde9fb988bca2cddc8c,Sun Nov 27 2011 08:00:00 GMT+0800 (GMT+08:00),Tue May 31 2011 00:00:00 GMT+0800 (GMT+08:00)
PTS_6dc66bb1baa0a9ddf9f,16818306609,穆念慈,Sat May 22 1948 00:00:00 GMT+0900 (GMT+08:00),390272926076135360,V7,56b298fa8,Hd907fdcc99899,O,0,,USER_1cd9d8db5ba509bde9fb988bca2cddc8c,Wed Jun 08 1988 00:00:00 GMT+0900 (GMT+08:00),Wed Jun 08 1988 00:00:00 GMT+0900 (GMT+08:00)
PTS_d82add8ca9b69b700b2,13695751200,杨过,Sun May 11 1947 00:00:00 GMT+0900 (GMT+08:00),997814334177417300,V3,8c349dc97,H2189bc29f69d8,O,0,,USER_acb93ef0aadaab75cfaaa43b55fac5ffa,Tue Aug 22 2006 00:00:00 GMT+0800 (GMT+08:00),Tue Aug 22 2006 00:00:00 GMT+0800 (GMT+08:00)
PTS_7accddd89529ba89fcd,18028806905,龙傲天,Mon Jan 25 1937 00:00:00 GMT+0800 (GMT+08:00),917557164515617400,V11,8aecd9832,Ha538ab9cac5cc,O,0,,USER_c7cccd3cb8d1abdacd3c95781963bd29b,Thu Feb 01 1990 00:00:00 GMT+0800 (GMT+08:00),Mon Oct 22 1990 08:00:00 GMT+0800 (GMT+08:00)
PTS_39dbcaadb54a8cbc31c,16996925044,贾维斯,Tue Feb 23 1960 00:00:00 GMT+0800 (GMT+08:00),533598136835046340,V3,4bcb840df,H3abd2bac7caee,O,1,,USER_cdddc3a3db91cc49d9eebcbd509babdb8,Wed Jun 04 1969 00:00:00 GMT+0800 (GMT+08:00),Mon Nov 09 1970 08:00:00 GMT+0800 (GMT+08:00)
PTS_1ca1cf1aadbb61daa4b,17720536179,一辉,Sun Nov 09 1969 00:00:00 GMT+0800 (GMT+08:00),126393970148463000,V7,7c86c9dc3,Hf98cb58636dc9,O,0,,USER_8931dcca88baa2ac64b5bbccb2f9d3a7a,Mon Nov 19 2012 08:00:00 GMT+0800 (GMT+08:00),Mon Apr 08 2013 00:00:00 GMT+0800 (GMT+08:00)
PTS_28ba9abdd5988aaebbd,17849416429,臧马,Thu Jul 10 1924 00:00:00 GMT+0800 (GMT+08:00),497025796276881700,V8,088c3b9b6,H9b8ca9c999ec8,O,0,,USER_e15fdd389cb4cbfaccdc25bb7a0bbd2fe,Thu Mar 14 1935 00:00:00 GMT+0800 (GMT+08:00),Thu Mar 14 1935 00:00:00 GMT+0800 (GMT+08:00)
PTS_58dab28bcd4b0a5b89a,13976863648,青乌子,Tue Apr 06 1937 00:00:00 GMT+0800 (GMT+08:00),787649484452190700,V5,aba9cc99b,H07add9ddbab9b,M,0,,USER_e15fdd389cb4cbfaccdc25bb7a0bbd2fe,Mon Mar 22 1948 00:00:00 GMT+0800 (GMT+08:00),Wed Jul 28 1948 00:00:00 GMT+0900 (GMT+08:00)
PTS_dccf9b98bbbbdcb9ff9,15048326926,幺妹,Sat Apr 23 1949 00:00:00 GMT+0800 (GMT+08:00),622769845976995100,V10,d48cdbcbb,Hadfb9a0c8047a,O,0,,USER_5acdb959f8bdda2eab29b3cbd8a4bc84d,Tue Nov 24 1964 08:00:00 GMT+0800 (GMT+08:00),Sun Jul 04 1965 00:00:00 GMT+0800 (GMT+08:00)
PTS_1b7ca7c7d5af2c979b9,18510531400,胡八一,Tue Jul 08 1975 00:00:00 GMT+0800 (GMT+08:00),452552314573635840,V5,b5dc3cb3d,H9538cddac2c3c,F,1,,USER_acb93ef0aadaab75cfaaa43b55fac5ffa,Mon Jan 07 1985 00:00:00 GMT+0800 (GMT+08:00),Mon Jan 07 1985 00:00:00 GMT+0800 (GMT+08:00)
PTS_0a7acadab3d7a494aea,18242643556,王凯旋,Fri May 27 1932 00:00:00 GMT+0800 (GMT+08:00),305727652903587200,V4,1bd9b78ad,H8cc0ccd38cd9f,O,0,,USER_b7c986c9bda6aeaecc5db6d4b4d8d9afd,Wed Aug 16 1961 00:00:00 GMT+0800 (GMT+08:00),Thu Oct 05 1961 00:00:00 GMT+0800 (GMT+08:00)
PTS_69aabc6a8abbda464cc,14094215217,铁木真,Thu Nov 21 1946 08:00:00 GMT+0800 (GMT+08:00),904542093360311200,V7,cc5ca0aab,H0949deed7d1cc,O,0,,USER_e9c6155897a4dfecc92c881c4e21c9aba,Sun Apr 07 1974 00:00:00 GMT+0800 (GMT+08:00),Sun Apr 07 1974 00:00:00 GMT+0800 (GMT+08:00)
PTS_999fae5a3bd71ff047a,14323299438,凯撒,Mon Feb 23 1948 00:00:00 GMT+0800 (GMT+08:00),901736646526116200,V11,79bbc2baa,Hb325abd9bdba9,M,0,,USER_39d99d79d0d712f9a41d4f6a43cbdddda,Sun Feb 21 1954 00:00:00 GMT+0800 (GMT+08:00),Wed Oct 06 1954 00:00:00 GMT+0800 (GMT+08:00)
PTS_d0bc362ccef9bd89d9c,17857984664,凯索,Sun Jul 18 1948 00:00:00 GMT+0900 (GMT+08:00),277800320226014050,V1,babd9aa5d,H3bcdbd9adc64f,M,0,,USER_778c3b95f98dd96a1cbbc4b2a5fcc7a62,Thu Nov 03 2011 00:00:00 GMT+0800 (GMT+08:00),Sun Feb 13 2011 00:00:00 GMT+0800 (GMT+08:00)
PTS_22b633b6cbd88cac124,13793706805,格奈乌斯,Sat Apr 04 1931 00:00:00 GMT+0800 (GMT+08:00),548605916428015550,V5,c6fcc7ddb,Hb9130941ddedb,M,0,,USER_5acdb959f8bdda2eab29b3cbd8a4bc84d,Tue May 06 1975 00:00:00 GMT+0800 (GMT+08:00),Tue May 06 1975 00:00:00 GMT+0800 (GMT+08:00)
PTS_8bbfd2accc9bd889cc9,18980430261,路飞,Sat Feb 06 1943 00:00:00 GMT+0900 (GMT+08:00),231958160684591800,V10,c7cbccb65,H64cafc9db9bfd,M,0,,USER_e9c6155897a4dfecc92c881c4e21c9aba,Tue Jan 25 1972 00:00:00 GMT+0800 (GMT+08:00),Tue Jan 25 1972 00:00:00 GMT+0800 (GMT+08:00)
PTS_0ca8bddec6a7cda9da9,17762452575,乔巴,Wed Nov 06 1963 00:00:00 GMT+0800 (GMT+08:00),843377989566421400,V2,a1b997c09,H00d2edcefaf7c,F,1,,USER_5acdb959f8bdda2eab29b3cbd8a4bc84d,Tue Mar 14 2017 00:00:00 GMT+0800 (GMT+08:00),Mon Jun 05 2017 00:00:00 GMT+0800 (GMT+08:00)
PTS_3bb0a7aa0bb910fcb08,14561559079,娜美,Wed Jan 25 1922 00:00:00 GMT+0800 (GMT+08:00),175751481988514940,V3,1cacb03f8,H0c15aa7bc7a9b,F,1,,USER_1cd9d8db5ba509bde9fb988bca2cddc8c,Wed Nov 22 1933 08:00:00 GMT+0800 (GMT+08:00),Thu Oct 12 1933 08:00:00 GMT+0800 (GMT+08:00)
PTS_c5c08ad9eaccb1faca8,14581063332,罗兵,Tue Jun 21 1927 00:00:00 GMT+0800 (GMT+08:00),524926199727296500,V1,af598b16a,H0b18b981dabd8,O,0,,USER_29ca4a9b6bba8fccabcda984b8c904ac1,Wed Nov 05 1997 08:00:00 GMT+0800 (GMT+08:00),Wed Nov 05 1997 08:00:00 GMT+0800 (GMT+08:00)
PTS_d139b9dd2bc6e0c86c8,16360612678,路西法,Sun May 11 1997 00:00:00 GMT+0800 (GMT+08:00),561395477936187500,V9,b8b964b3b,H7d983fc2d999c,O,1,,USER_5acdb959f8bdda2eab29b3cbd8a4bc84d,Wed Aug 29 2012 00:00:00 GMT+0800 (GMT+08:00),Wed Aug 29 2012 00:00:00 GMT+0800 (GMT+08:00)
PTS_22e28ab0a2cb98eb706,18303501662,普布利乌斯,Thu May 25 1944 00:00:00 GMT+0900 (GMT+08:00),899642724290754400,V8,9ddddbcbb,H17269091d940c,M,0,,USER_39d99d79d0d712f9a41d4f6a43cbdddda,Thu Nov 25 1954 08:00:00 GMT+0800 (GMT+08:00),Mon Aug 01 1955 00:00:00 GMT+0800 (GMT+08:00)
PTS_0b9af49c81d7a8cc84b,16656288483,昆图斯,Thu Aug 01 1991 00:00:00 GMT+0900 (GMT+08:00),480211374410647500,V1,032283d9b,H2fd0abeb40d9e,O,1,,USER_8bdaab1736ac199aaf5a6ac9983dbcca2,Fri Jan 06 2017 00:00:00 GMT+0800 (GMT+08:00),Tue Sep 05 2017 00:00:00 GMT+0800 (GMT+08:00)
PTS_1b686d5b809b5ca7afd,16901421440,提贝里乌斯,Mon Aug 13 2001 00:00:00 GMT+0800 (GMT+08:00),363125839587223550,V9,5c56e3aca,Hbdaba9ca7aa9e,M,1,,USER_39d99d79d0d712f9a41d4f6a43cbdddda,Tue Oct 17 2006 08:00:00 GMT+0800 (GMT+08:00),Tue Nov 07 2006 08:00:00 GMT+0800 (GMT+08:00)
PTS_abc93a37dcecd9acddd,17857803953,阿庇乌斯,Wed Sep 27 2000 00:00:00 GMT+0800 (GMT+08:00),820405716833846500,V4,6a2ad9abe,H6d1db6dda589d,O,1,,USER_778c3b95f98dd96a1cbbc4b2a5fcc7a62,Sun Aug 16 2009 00:00:00 GMT+0800 (GMT+08:00),Tue Sep 15 2009 00:00:00 GMT+0800 (GMT+08:00)
PTS_7b3789c5a04a0ddd80d,17182967790,奥卢斯,Wed Apr 01 1992 00:00:00 GMT+0800 (GMT+08:00),361790362422039200,V6,9ce62e92c,Heb5e5269baf99,F,1,,USER_1fb9d9ca949e9b8d9aa8b6dda7ba9bcad,Mon Sep 21 1998 00:00:00 GMT+0800 (GMT+08:00),Fri Feb 13 1998 00:00:00 GMT+0800 (GMT+08:00)
PTS_49da88abbad91bddaab,16464441171,凯卢斯,Thu Mar 24 1938 00:00:00 GMT+0800 (GMT+08:00),418285268536056200,V4,c81c99605,H021c47bad1add,F,1,,USER_e15fdd389cb4cbfaccdc25bb7a0bbd2fe,Sun Mar 23 1997 00:00:00 GMT+0800 (GMT+08:00),Wed May 28 1997 00:00:00 GMT+0800 (GMT+08:00)
PTS_bc8a9c98bd88f1c69db,16564074355,迪基姆斯,Mon Apr 26 1999 00:00:00 GMT+0800 (GMT+08:00),856920938610800100,V1,2dabbd04a,H09d7899dcc9b9,M,0,,USER_8bdaab1736ac199aaf5a6ac9983dbcca2,Thu Mar 11 2004 00:00:00 GMT+0800 (GMT+08:00),Fri Apr 16 2004 00:00:00 GMT+0800 (GMT+08:00)
PTS_ecccc5a0c89d93b8c3c,13659107513,迪基乌斯,Sun Nov 24 1991 08:00:00 GMT+0800 (GMT+08:00),825792126220980700,V10,2abba8dd9,H67dd9c1a0da2c,O,1,,USER_39d99d79d0d712f9a41d4f6a43cbdddda,Fri Sep 10 1999 00:00:00 GMT+0800 (GMT+08:00),Fri Sep 10 1999 00:00:00 GMT+0800 (GMT+08:00)
PTS_7c99c89db907ec5bdd9,16754541244,刘邦,Fri Jun 03 2005 00:00:00 GMT+0800 (GMT+08:00),218006542908940900,V11,cc0bc6cac,Hddb98aa9f4d36,F,1,,USER_39d99d79d0d712f9a41d4f6a43cbdddda,Tue Nov 12 2013 08:00:00 GMT+0800 (GMT+08:00),Tue Nov 12 2013 08:00:00 GMT+0800 (GMT+08:00)
PTS_78b42992a968c591cc0,17331219840,河神,Tue Oct 10 1922 08:00:00 GMT+0800 (GMT+08:00),492246449631954240,V2,6bfccc0d4,Hca1f8b04a96f9,O,1,,USER_6c8255c9597bab39b06ac9aad53e998ca,Sat Sep 20 1947 00:00:00 GMT+0900 (GMT+08:00),Sun Oct 03 1948 00:00:00 GMT+0800 (GMT+08:00)
PTS_c7d5a8cdc3a5dad8219,14385580997,刑天,Tue Nov 19 1940 08:00:00 GMT+0800 (GMT+08:00),401121741744522300,V5,d012b3c9e,Hfd3ddc5cb6a6b,F,1,,USER_5acdb959f8bdda2eab29b3cbd8a4bc84d,Sat Nov 13 1943 09:00:00 GMT+0900 (GMT+08:00),Sat Nov 13 1943 09:00:00 GMT+0900 (GMT+08:00)
PTS_48b07b9dcafa93cc48c,18664738077,弗拉维乌斯,Mon Jun 18 1984 00:00:00 GMT+0800 (GMT+08:00),924355459386113000,V11,9b5a6d189,H4d9cfad1ddccc,F,0,,USER_8931dcca88baa2ac64b5bbccb2f9d3a7a,Mon Mar 14 2011 00:00:00 GMT+0800 (GMT+08:00),Thu May 26 2011 00:00:00 GMT+0800 (GMT+08:00)
PTS_8abcb0e9df9fa1a9ccc,14661212388,海伦,Tue Nov 07 1961 00:00:00 GMT+0800 (GMT+08:00),776760606491382700,V11,4a0b9c0da,H2ec398aac2c73,O,0,,USER_1cd9d8db5ba509bde9fb988bca2cddc8c,Sun Feb 06 2005 00:00:00 GMT+0800 (GMT+08:00),Sun Feb 06 2005 00:00:00 GMT+0800 (GMT+08:00)
PTS_bacb9c9cc87b9ca8b49,16324438722,曹操,Sun Aug 10 2003 00:00:00 GMT+0800 (GMT+08:00),956714627712723200,V9,9a7cd4d4b,H1de9ba98b626d,O,0,,USER_8bdaab1736ac199aaf5a6ac9983dbcca2,Mon Feb 17 2020 00:00:00 GMT+0800 (GMT+08:00),Wed Oct 07 2020 00:00:00 GMT+0800 (GMT+08:00)
PTS_5c9c94b6c16caca9ada,16939610404,项羽,Sun Nov 13 1983 08:00:00 GMT+0800 (GMT+08:00),734638782052264700,V11,cac8899bd,H09ddc9c9c400b,M,0,,USER_5acdb959f8bdda2eab29b3cbd8a4bc84d,Sat Nov 20 2004 08:00:00 GMT+0800 (GMT+08:00),Sat Nov 20 2004 08:00:00 GMT+0800 (GMT+08:00)
PTS_f5c989bbdcb1abaa9dd,14272741919,秦始皇,Sat May 15 1954 00:00:00 GMT+0800 (GMT+08:00),861811116317034600,V9,5d1c878ca,H8f4a88ddcdb93,O,0,,USER_1fb9d9ca949e9b8d9aa8b6dda7ba9bcad,Mon Oct 18 2004 08:00:00 GMT+0800 (GMT+08:00),Mon Oct 18 2004 08:00:00 GMT+0800 (GMT+08:00)
PTS_1caefdd88e8cb8d90d9,14180559184,李元霸,Mon Apr 09 1973 00:00:00 GMT+0800 (GMT+08:00),204016507539704830,V0,2af9d9cd8,H68aabbbadaac4,O,0,,USER_5acdb959f8bdda2eab29b3cbd8a4bc84d,Sun Feb 14 1993 00:00:00 GMT+0800 (GMT+08:00),Sun Apr 04 1993 00:00:00 GMT+0800 (GMT+08:00)
PTS_8da8684edb7cc2baab8,18643495374,维正,Mon Oct 06 1969 00:00:00 GMT+0800 (GMT+08:00),445715574584034400,V4,baddb6feb,H2d29aa29dbcbd,F,1,,USER_acb93ef0aadaab75cfaaa43b55fac5ffa,Fri Aug 19 2016 00:00:00 GMT+0800 (GMT+08:00),Fri Sep 02 2016 00:00:00 GMT+0800 (GMT+08:00)
PTS_6b7f891ba966bab88aa,14331909573,乾隆,Mon Jun 02 1975 00:00:00 GMT+0800 (GMT+08:00),386697864289056450,V3,acb2ba8ba,Hbcdaa64bc1cd9,F,1,,USER_e15fdd389cb4cbfaccdc25bb7a0bbd2fe,Wed Jan 04 1995 00:00:00 GMT+0800 (GMT+08:00),Sat Nov 18 1995 08:00:00 GMT+0800 (GMT+08:00)
PTS_f0cacaadddcdcbdda30,17762879139,成吉思汗,Wed Oct 11 1995 08:00:00 GMT+0800 (GMT+08:00),637016887194403100,V1,7cd1bdb19,H19ab276acedd7,F,0,,USER_828cd95a598bdb1d1c9d5ba2a9ba9cd09,Sat Feb 27 1999 00:00:00 GMT+0800 (GMT+08:00),Sat Feb 27 1999 00:00:00 GMT+0800 (GMT+08:00)
PTS_fcb0acc7d98adae8959,16108346981,李世民,Thu Mar 16 1933 00:00:00 GMT+0800 (GMT+08:00),686961641473373400,V0,0a41aec9c,Hd28b686b1da09,M,0,,USER_5acdb959f8bdda2eab29b3cbd8a4bc84d,Mon Jan 13 1975 00:00:00 GMT+0800 (GMT+08:00),Thu Feb 27 1975 00:00:00 GMT+0800 (GMT+08:00)
PTS_5d0ca1c9d2c99c1b3dd,17826480584,曹植,Thu Oct 06 2005 00:00:00 GMT+0800 (GMT+08:00),582967176655553800,V1,9e5c773ad,Hd8bcab1aa79d3,M,1,,USER_5acdb959f8bdda2eab29b3cbd8a4bc84d,Fri Apr 30 2010 00:00:00 GMT+0800 (GMT+08:00),Fri Apr 30 2010 00:00:00 GMT+0800 (GMT+08:00)
PTS_4da7dadbcec7b5bdc8c,17828958577,曹彰,Sun Mar 25 1923 00:00:00 GMT+0800 (GMT+08:00),358247868855411840,V5,1464d3d7d,H89ba8b51adcac,M,0,,USER_5acdb959f8bdda2eab29b3cbd8a4bc84d,Mon Jan 09 1950 00:00:00 GMT+0800 (GMT+08:00),Mon Jan 09 1950 00:00:00 GMT+0800 (GMT+08:00)
PTS_3dfacbdbab9d6ad929d,16533765510,刘玄德,Thu Oct 24 1935 08:00:00 GMT+0800 (GMT+08:00),803566251329461500,V8,19c963caf,Hcbbaa9d9cade4,O,0,,USER_1fb9d9ca949e9b8d9aa8b6dda7ba9bcad,Fri Aug 06 1982 00:00:00 GMT+0800 (GMT+08:00),Fri Aug 06 1982 00:00:00 GMT+0800 (GMT+08:00)
PTS_e9d7839e8bb6f2c3a8d,14613497571,黄忠,Mon Feb 12 1945 00:00:00 GMT+0900 (GMT+08:00),658904107214542600,V10,11d7b55c7,Heddc7e898bd5d,O,1,,USER_0b8a89c9797ac9d8bc99ca647e355ade6,Sat Apr 04 1964 00:00:00 GMT+0800 (GMT+08:00),Sat Mar 14 1964 00:00:00 GMT+0800 (GMT+08:00)
PTS_1bbc9caa94d9ec1ccac,15672334789,张飞,Sat Oct 02 1982 00:00:00 GMT+0800 (GMT+08:00),267160178782756960,V4,7c8c1cac4,Hdc998aa38b7d9,O,1,,USER_6c8255c9597bab39b06ac9aad53e998ca,Wed Aug 10 2016 00:00:00 GMT+0800 (GMT+08:00),Wed Aug 10 2016 00:00:00 GMT+0800 (GMT+08:00)
PTS_01a8697a0c72ac69caa,14399648129,赵子龙,Mon Jun 07 2004 00:00:00 GMT+0800 (GMT+08:00),667458534432004900,V11,4b98798b8,H64ccac7a489b9,O,0,,USER_778c3b95f98dd96a1cbbc4b2a5fcc7a62,Sun Apr 13 2008 00:00:00 GMT+0800 (GMT+08:00),Sun Apr 13 2008 00:00:00 GMT+0800 (GMT+08:00)
PTS_7577d548d9ad9695bab,14595776580,朱元璋,Wed Sep 01 2004 00:00:00 GMT+0800 (GMT+08:00),459110520480018560,V10,5fba955ba,Hadeb05d3c8cb9,M,1,,USER_e15fdd389cb4cbfaccdc25bb7a0bbd2fe,Sun Mar 23 2008 00:00:00 GMT+0800 (GMT+08:00),Sat Nov 15 2008 00:00:00 GMT+0800 (GMT+08:00)
PTS_bbcfc6ed3becd224ab9,15200680861,多尔衮,Wed Mar 16 1955 00:00:00 GMT+0800 (GMT+08:00),693934205328784500,V3,19f0cc9d9,H49a5adaeb999b,F,1,,USER_6c8255c9597bab39b06ac9aad53e998ca,Mon Sep 09 1963 00:00:00 GMT+0800 (GMT+08:00),Mon Sep 09 1963 00:00:00 GMT+0800 (GMT+08:00)
PTS_31ccede59cac933bc2a,16657559502,臧马,Mon Sep 25 1972 00:00:00 GMT+0800 (GMT+08:00),446097603338497540,V7,bc1c86990,Hba9dcc6da69bb,O,0,,USER_0b8a89c9797ac9d8bc99ca647e355ade6,Wed Sep 26 2007 00:00:00 GMT+0800 (GMT+08:00),Wed Sep 26 2007 00:00:00 GMT+0800 (GMT+08:00)
PTS_4d5dcaaacdcc3a6bcd9,15566792237,孙权,Wed Jul 05 1989 00:00:00 GMT+0900 (GMT+08:00),249538258274860130,V10,87adf919a,H0293bace55db9,O,1,,USER_e15fdd389cb4cbfaccdc25bb7a0bbd2fe,Mon Mar 17 1997 00:00:00 GMT+0800 (GMT+08:00),Mon Mar 17 1997 00:00:00 GMT+0800 (GMT+08:00)
PTS_2b68aaccacb2ab06171,16194583611,周瑜,Sun Feb 23 1930 00:00:00 GMT+0800 (GMT+08:00),534084150283104830,V7,cb48db8ac,H3dc39bdb89c1b,M,0,,USER_acb93ef0aadaab75cfaaa43b55fac5ffa,Thu Aug 10 2000 00:00:00 GMT+0800 (GMT+08:00),Thu Jul 20 2000 00:00:00 GMT+0800 (GMT+08:00)